Трубопроводная арматура;Приборы учета и КИПиА;https://pipeprice.ru/product/
Трубопроводная арматура;Приборы учета и КИПиА;https://pipeprice.ru/product/
Трубопроводная арматура;Приборы учета и КИПиА;https://pipeprice.ru/product/
Трубопроводная арматура;Приборы учета и КИПиА;https://pipeprice.ru/product/
Трубопроводная арматура;Приборы учета и КИПиА;https://pipeprice.ru/product/
Трубопроводная арматура;Приборы учета и КИПиА;https://pipeprice.ru/product/
Трубопроводная арматура;Приборы учета и КИПиА;https://pipeprice.ru/product/
Трубопроводная арматура;Приборы учета и КИПиА;https://pipeprice.ru/product/
Трубопроводная арматура;Приборы учета и КИПиА;https://pipeprice.ru/product/
Трубопроводная арматура;Приборы учета и КИПиА;https://pipeprice.ru/product/
Трубопроводная арматура;Приборы учета и КИПиА;https://pipeprice.ru/product/
Трубопроводная арматура;Приборы учета и КИПиА;https://pipeprice.ru/product/
Теплоизоляция и вентиляция;Теплоизоляция на основе вспененного каучука;https://pipeprice.ru/product/
Теплоизоляция и вентиляция;Теплоизоляция на основе вспененного каучука;https://pipeprice.ru/product/
Теплоизоляция и вентиляция;Теплоизоляция на основе вспененного каучука;https://pipeprice.ru/product/
Теплоизоляция и вентиляция;Теплоизоляция на основе вспененного каучука;https://pipeprice.ru/product/
Теплоизоляция и вентиляция;Теплоизоляция на основе вспененного каучука;https://pipeprice.ru/product/
Теплоизоляция и вентиляция;Теплоизоляция на основе вспененного каучука;https://pipeprice.ru/product/
Теплоизоляция и вентиляция;Теплоизоляция на основе вспененного каучука;https://pipeprice.ru/product/
Теплоизоляция и вентиляция;Теплоизоляция на основе вспененного каучука;https://pipeprice.ru/product/
Теплоизоляция и вентиляция;Теплоизоляция на основе вспененного каучука;https://pipeprice.ru/product/
Теплоизоляция и вентиляция;Теплоизоляция на основе вспененного каучука;https://pipeprice.ru/product/
Теплоизоляция и вентиляция;Теплоизоляция на основе вспененного каучука;https://pipeprice.ru/product/
Теплоизоляция и вентиляция;Теплоизоляция на основе вспененного каучука;https://pipeprice.ru/product/
Теплоизоляция и вентиляция;Теплоизоляция на основе вспененного каучука;https://pipeprice.ru/product/
Теплоизоляция и вентиляция;Теплоизоляция на основе вспененного каучука;https://pipeprice.ru/product/
Теплоизоляция и вентиляция;Теплоизоляция на основе вспененного каучука;https://pipeprice.ru/product/
Теплоизоляция и вентиляция;Теплоизоляция на основе вспененного каучука;https://pipeprice.ru/product/
Теплоизоляция и вентиляция;Теплоизоляция на основе вспененного каучука;https://pipeprice.ru/product/
Теплоизоляция и вентиляция;Теплоизоляция на основе вспененного каучука;https://pipeprice.ru/product/
Теплоизоляция и вентиляция;Теплоизоляция на основе вспененного каучука;https://pipeprice.ru/product/
Теплоизоляция и вентиляция;Теплоизоляция на основе вспененного каучука;https://pipeprice.ru/product/
Теплоизоляция и вентиляция;Теплоизоляция на основе вспененного каучука;https://pipeprice.ru/product/
Теплоизоляция и вентиляция;Теплоизоляция на основе вспененного каучука;https://pipeprice.ru/product/
Теплоизоляция и вентиляция;Теплоизоляция на основе вспененного каучука;https://pipeprice.ru/product/
Теплоизоляция и вентиляция;Теплоизоляция на основе вспененного каучука;https://pipeprice.ru/product/
Теплоизоляция и вентиляция;Теплоизоляция на основе вспененного каучука;https://pipeprice.ru/product/
Теплоизоляция и вентиляция;Теплоизоляция на основе вспененного каучука;https://pipeprice.ru/product/
Теплоизоляция и вентиляция;Теплоизоляция на основе вспененного каучука;https://pipeprice.ru/product/
Теплоизоляция и вентиляция;Теплоизоляция на основе вспененного каучука;https://pipeprice.ru/product/
Теплоизоляция и вентиляция;Теплоизоляция на основе вспененного каучука;https://pipeprice.ru/product/
Теплоизоляция и вентиляция;Теплоизоляция на основе вспененного каучука;https://pipeprice.ru/product/
Теплоизоляция и вентиляция;Теплоизоляция на основе вспененного каучука;https://pipeprice.ru/product/
Теплоизоляция и вентиляция;Теплоизоляция на основе вспененного каучука;https://pipeprice.ru/product/
Теплоизоляция и вентиляция;Теплоизоляция на основе вспененного каучука;https://pipeprice.ru/product/
Теплоизоляция и вентиляция;Теплоизоляция на основе вспененного каучука;https://pipeprice.ru/product/
Теплоизоляция и вентиляция;Теплоизоляция на основе вспененного каучука;https://pipeprice.ru/product/
Теплоизоляция и вентиляция;Теплоизоляция на основе вспененного каучука;https://pipeprice.ru/product/
Теплоизоляция и вентиляция;Теплоизоляция на основе вспененного каучука;https://pipeprice.ru/product/
Теплоизоляция и вентиляция;Теплоизоляция на основе вспененного каучука;https://pipeprice.ru/product/
Теплоизоляция и вентиляция;Теплоизоляция на основе вспененного каучука;https://pipeprice.ru/product/
Теплоизоляция и вентиляция;Теплоизоляция на основе вспененного каучука;https://pipeprice.ru/product/
Теплоизоляция и вентиляция;Теплоизоляция на основе вспененного каучука;https://pipeprice.ru/product/
Теплоизоляция и вентиляция;Теплоизоляция на основе вспененного каучука;https://pipeprice.ru/product/
Теплоизоляция и вентиляция;Теплоизоляция на основе вспененного каучука;https://pipeprice.ru/product/
Теплоизоляция и вентиляция;Теплоизоляция на основе вспененного каучука;https://pipeprice.ru/product/
Теплоизоляция и вентиляция;Теплоизоляция на основе вспененного каучука;https://pipeprice.ru/product/
Теплоизоляция и вентиляция;Теплоизоляция на основе вспененного каучука;https://pipeprice.ru/product/
Теплоизоляция и вентиляция;Теплоизоляция на основе вспененного каучука;https://pipeprice.ru/product/
Теплоизоляция и вентиляция;Теплоизоляция на основе вспененного каучука;https://pipeprice.ru/product/
Теплоизоляция и вентиляция;Теплоизоляция на основе вспененного каучука;https://pipeprice.ru/product/
Теплоизоляция и вентиляция;Теплоизоляция на основе вспененного каучука;https://pipeprice.ru/product/
Теплоизоляция и вентиляция;Теплоизоляция на основе вспененного каучука;https://pipeprice.ru/product/
Теплоизоляция и вентиляция;Теплоизоляция на основе вспененного каучука;https://pipeprice.ru/product/
Теплоизоляция и вентиляция;Теплоизоляция на основе вспененного каучука;https://pipeprice.ru/product/
Теплоизоляция и вентиляция;Теплоизоляция на основе вспененного каучука;https://pipeprice.ru/product/
Теплоизоляция и вентиляция;Теплоизоляция на основе вспененного каучука;https://pipeprice.ru/product/
Теплоизоляция и вентиляция;Теплоизоляция на основе вспененного каучука;https://pipeprice.ru/product/
Теплоизоляция и вентиляция;Теплоизоляция на основе вспененного каучука;https://pipeprice.ru/product/
Теплоизоляция и вентиляция;Теплоизоляция на основе вспененного каучука;https://pipeprice.ru/product/
Теплоизоляция и вентиляция;Теплоизоляция на основе вспененного каучука;https://pipeprice.ru/product/
Теплоизоляция и вентиляция;Теплоизоляция на основе вспененного каучука;https://pipeprice.ru/product/
Теплоизоляция и вентиляция;Теплоизоляция на основе вспененного каучука;https://pipeprice.ru/product/
Теплоизоляция и вентиляция;Теплоизоляция на основе вспененного каучука;https://pipeprice.ru/product/
Теплоизоляция и вентиляция;Теплоизоляция на основе вспененного каучука;https://pipeprice.ru/product/
Теплоизоляция и вентиляция;Теплоизоляция на основе вспененного каучука;https://pipeprice.ru/product/
Теплоизоляция и вентиляция;Теплоизоляция на основе вспененного каучука;https://pipeprice.ru/product/
Теплоизоляция и вентиляция;Теплоизоляция на основе вспененного каучука;https://pipeprice.ru/product/
Теплоизоляция и вентиляция;Теплоизоляция на основе вспененного каучука;https://pipeprice.ru/product/
Теплоизоляция и вентиляция;Теплоизоляция на основе вспененного каучука;https://pipeprice.ru/product/
Теплоизоляция и вентиляция;Теплоизоляция на основе вспененного каучука;https://pipeprice.ru/product/
Теплоизоляция и вентиляция;Теплоизоляция на основе вспененного каучука;https://pipeprice.ru/product/
Теплоизоляция и вентиляция;Теплоизоляция на основе вспененного каучука;https://pipeprice.ru/product/
Теплоизоляция и вентиляция;Теплоизоляция на основе вспененного каучука;https://pipeprice.ru/product/
Теплоизоляция и вентиляция;Теплоизоляция на основе вспененного каучука;https://pipeprice.ru/product/
Теплоизоляция и вентиляция;Теплоизоляция на основе вспененного каучука;https://pipeprice.ru/product/
Теплоизоляция и вентиляция;Теплоизоляция на основе вспененного каучука;https://pipeprice.ru/product/
Теплоизоляция и вентиляция;Теплоизоляция на основе вспененного каучука;https://pipeprice.ru/product/
Теплоизоляция и вентиляция;Теплоизоляция на основе вспененного каучука;https://pipeprice.ru/product/
Теплоизоляция и вентиляция;Теплоизоляция на основе вспененного каучука;https://pipeprice.ru/product/
Теплоизоляция и вентиляция;Теплоизоляция на основе вспененного каучука;https://pipeprice.ru/product/
Теплоизоляция и вентиляция;Теплоизоляция на основе вспененного каучука;https://pipeprice.ru/product/
Теплоизоляция и вентиляция;Теплоизоляция на основе вспененного каучука;https://pipeprice.ru/product/
Теплоизоляция и вентиляция;Теплоизоляция на основе вспененного каучука;https://pipeprice.ru/product/
Теплоизоляция и вентиляция;Теплоизоляция на основе вспененного каучука;https://pipeprice.ru/product/
Теплоизоляция и вентиляция;Теплоизоляция на основе вспененного каучука;https://pipeprice.ru/product/
Теплоизоляция и вентиляция;Теплоизоляция на основе вспененного каучука;https://pipeprice.ru/product/
Теплоизоляция и вентиляция;Теплоизоляция на основе вспененного каучука;https://pipeprice.ru/product/
Теплоизоляция и вентиляция;Теплоизоляция на основе вспененного каучука;https://pipeprice.ru/product/
Теплоизоляция и вентиляция;Теплоизоляция на основе вспененного каучука;https://pipeprice.ru/product/
Теплоизоляция и вентиляция;Теплоизоляция на основе вспененного каучука;https://pipeprice.ru/product/
Теплоизоляция и вентиляция;Теплоизоляция на основе вспененного каучука;https://pipeprice.ru/product/
Теплоизоляция и вентиляция;Теплоизоляция на основе вспененного каучука;https://pipeprice.ru/product/
Теплоизоляция и вентиляция;Теплоизоляция на основе вспененного каучука;https://pipeprice.ru/product/
Теплоизоляция и вентиляция;Теплоизоляция на основе вспененного каучука;https://pipeprice.ru/product/
Теплоизоляция и вентиляция;Теплоизоляция на основе вспененного каучука;https://pipeprice.ru/product/
Теплоизоляция и вентиляция;Теплоизоляция на основе вспененного каучука;https://pipeprice.ru/product/
Теплоизоляция и вентиляция;Теплоизоляция на основе вспененного каучука;https://pipeprice.ru/product/
Теплоизоляция и вентиляция;Теплоизоляция на основе вспененного каучука;https://pipeprice.ru/product/
Теплоизоляция и вентиляция;Теплоизоляция на основе вспененного каучука;https://pipeprice.ru/product/
Теплоизоляция и вентиляция;Теплоизоляция на основе вспененного каучука;https://pipeprice.ru/product/
Теплоизоляция и вентиляция;Теплоизоляция на основе вспененного каучука;https://pipeprice.ru/product/
Теплоизоляция и вентиляция;Теплоизоляция на основе вспененного каучука;https://pipeprice.ru/product/
Теплоизоляция и вентиляция;Теплоизоляция на основе вспененного каучука;https://pipeprice.ru/product/
Теплоизоляция и вентиляция;Теплоизоляция на основе вспененного каучука;https://pipeprice.ru/product/
Теплоизоляция и вентиляция;Теплоизоляция на основе вспененного каучука;https://pipeprice.ru/product/
Теплоизоляция и вентиляция;Теплоизоляция на основе вспененного каучука;https://pipeprice.ru/product/
Теплоизоляция и вентиляция;Теплоизоляция на основе вспененного каучука;https://pipeprice.ru/product/
Теплоизоляция и вентиляция;Теплоизоляция на основе вспененного каучука;https://pipeprice.ru/product/
Теплоизоляция и вентиляция;Теплоизоляция на основе вспененного каучука;https://pipeprice.ru/product/
Теплоизоляция и вентиляция;Теплоизоляция на основе вспененного каучука;https://pipeprice.ru/product/
Теплоизоляция и вентиляция;Теплоизоляция на основе вспененного каучука;https://pipeprice.ru/product/
Теплоизоляция и вентиляция;Теплоизоляция на основе вспененного каучука;https://pipeprice.ru/product/
Теплоизоляция и вентиляция;Теплоизоляция на основе пенополиуретана (ППУ);https://pipeprice.ru/product/
Теплоизоляция и вентиляция;Теплоизоляция на основе пенополиуретана (ППУ);https://pipeprice.ru/product/
Теплоизоляция и вентиляция;Теплоизоляция на основе пенополиуретана (ППУ);https://pipeprice.ru/product/
Теплоизоляция и вентиляция;Теплоизоляция на основе пенополиуретана (ППУ);https://pipeprice.ru/product/
